<?xml version="1.0" encoding="UTF-8"?>
<project-private xmlns="http://www.netbeans.org/ns/project-private/1">
    <editor-bookmarks xmlns="http://www.netbeans.org/ns/editor-bookmarks/1"/>
    <editor-bookmarks xmlns="http://www.netbeans.org/ns/editor-bookmarks/2" lastBookmarkId="0"/>
    <open-files xmlns="http://www.netbeans.org/ns/projectui-open-files/1">
        <file>file:/home/jesus/Escritorio/DSD/Practicas/Practica2/src/practica2/Servidor.java</file>
        <file>file:/home/jesus/Escritorio/DSD/Practicas/Practica2/src/practica2/Cliente.java</file>
        <file>file:/home/jesus/Escritorio/DSD/Practicas/Practica2/src/practica2/chat.java</file>
        <file>file:/home/jesus/Escritorio/DSD/Practicas/Practica2/src/practica2/ServidorInterface.java</file>
        <file>file:/home/jesus/Escritorio/DSD/Practicas/Practica2/src/practica2/ClienteInterface.java</file>
        <file>file:/home/jesus/Escritorio/DSD/Practicas/Practica2/src/practica2/mensaje.java</file>
    </open-files>
</project-private>
